url,page
https://www.digikala.com/product/dkp-15147066/%D8%A7%D8%AF%D9%88%D9%BE%D8%B1%D9%81%DB%8C%D9%88%D9%85-%D8%B2%D9%86%D8%A7%D9%86%D9%87-%D8%B1%D9%88%DB%8C%D8%A7%D9%84%DB%8C%D9%88%D9%86-%D9%85%D8%AF%D9%84-%D8%B3%D9%86%D8%AA%DB%8C%D9%86%DA%AF-%D8%AD%D8%AC%D9%85-100-%D9%85%DB%8C%D9%84%DB%8C%D9%84%DB%8C%D8%AA%D8%B1/,1
https://www.digikala.com/product/dkp-54660/%D8%A7%D8%AF%D9%88-%D9%BE%D8%B1%D9%81%DB%8C%D9%88%D9%85-%D8%B2%D9%86%D8%A7%D9%86%D9%87-%D8%A8%D9%88%D9%84%DA%AF%D8%A7%D8%B1%DB%8C-%D9%85%D8%AF%D9%84-jasmin-noir-lelixir-%D8%AD%D8%AC%D9%85-50-%D9%85%DB%8C%D9%84%DB%8C-%D9%84%DB%8C%D8%AA%D8%B1/,1
https://www.digikala.com/product/dkp-54663/%D8%A7%D8%AF%D9%88-%D9%BE%D8%B1%D9%81%DB%8C%D9%88%D9%85-%D8%B2%D9%86%D8%A7%D9%86%D9%87-%D8%A8%D9%88%D9%84%DA%AF%D8%A7%D8%B1%DB%8C-%D9%85%D8%AF%D9%84-jasmin-noir-%D8%AD%D8%AC%D9%85-100-%D9%85%DB%8C%D9%84%DB%8C-%D9%84%DB%8C%D8%AA%D8%B1/,1
https://www.digikala.com/product/dkp-5745036/%D8%A7%D8%AF%D9%88-%D9%BE%D8%B1%D9%81%DB%8C%D9%88%D9%85-%D8%B2%D9%86%D8%A7%D9%86%D9%87-%D8%A2%D9%86%D8%AA%D9%88%D9%86%DB%8C%D9%88-%D8%B1%D9%88%D8%B3%DB%8C%D9%86%DB%8C-%D9%85%D8%AF%D9%84-presence-%D8%AD%D8%AC%D9%85-100-%D9%85%DB%8C%D9%84%DB%8C-%D9%84%DB%8C%D8%AA%D8%B1/,1
https://www.digikala.com/product/dkp-54907/%D8%A7%D8%AF%D9%88%D9%BE%D8%B1%D9%81%DB%8C%D9%88%D9%85-%D8%B2%D9%86%D8%A7%D9%86%D9%87-%D8%A8%D9%88%D9%84%DA%AF%D8%A7%D8%B1%DB%8C-%D9%85%D8%AF%D9%84-rose-essentielle-%D8%AD%D8%AC%D9%85-100-%D9%85%DB%8C%D9%84%DB%8C%D9%84%DB%8C%D8%AA%D8%B1/,1
https://www.digikala.com/product/dkp-56597/%D8%A7%D8%AF%D9%88-%D9%BE%D8%B1%D9%81%DB%8C%D9%88%D9%85-%D8%B2%D9%86%D8%A7%D9%86%D9%87-%D9%BE%D8%B1%D9%81%DB%8C%D9%88%D9%85-%D8%AF%D9%88-%D9%85%D8%A7%D8%B1%D9%84%DB%8C-safanad-%D8%AD%D8%AC%D9%85-75ml/,1
https://www.digikala.com/product/dkp-56935/%D8%A7%D8%AF%D9%88-%D9%BE%D8%B1%D9%81%DB%8C%D9%88%D9%85-%D8%B2%D9%86%D8%A7%D9%86%D9%87-%D9%86%D8%A7%D8%B1%D8%B3%DB%8C%D8%B3%D9%88-%D8%B1%D9%88%D8%AF%D8%B1%DB%8C%DA%AF%D8%B2-%D9%85%D8%AF%D9%84-for-her-%D8%AD%D8%AC%D9%85-100-%D9%85%DB%8C%D9%84%DB%8C-%D9%84%DB%8C%D8%AA%D8%B1/,1
https://www.digikala.com/product/dkp-120714/%D8%A7%D8%AF%D9%88-%DA%A9%D9%84%D9%86-%D8%A8%D9%88%D9%84%DA%AF%D8%A7%D8%B1%DB%8C-%D9%85%D8%AF%D9%84-au-the-noire-%D8%AD%D8%AC%D9%85-150-%D9%85%DB%8C%D9%84%DB%8C-%D9%84%DB%8C%D8%AA%D8%B1/,1
https://www.digikala.com/product/dkp-14863911/%D8%A7%D8%AF%D9%88%D9%BE%D8%B1%D9%81%DB%8C%D9%88%D9%85-%D8%B2%D9%86%D8%A7%D9%86%D9%87-%D9%85%D8%A7%D9%86%D8%AA%D8%B1%D9%87-%D9%85%D8%AF%D9%84-challenge-%D8%AD%D8%AC%D9%85-100-%D9%85%DB%8C%D9%84%DB%8C%D9%84%DB%8C%D8%AA%D8%B1/,1
https://www.digikala.com/product/dkp-10802096/%D8%A7%D8%AF%D9%88%D9%BE%D8%B1%D9%81%DB%8C%D9%88%D9%85-%D8%B2%D9%86%D8%A7%D9%86%D9%87-%D8%A2%D8%B1-%D8%A8%DB%8C-%D8%B3%DB%8C-%D8%A7%D8%B3%D8%AA%D9%88%D8%B1%DB%8C-%D9%85%D8%AF%D9%84-cool-%D8%AD%D8%AC%D9%85-100-%D9%85%DB%8C%D9%84%DB%8C-%D9%84%DB%8C%D8%AA%D8%B1/,1
https://www.digikala.com/product/dkp-17580036/%DA%AF%D9%88%D8%B4%DB%8C-%D9%85%D9%88%D8%A8%D8%A7%DB%8C%D9%84-%D8%B4%DB%8C%D8%A7%D8%A6%D9%88%D9%85%DB%8C-%D9%85%D8%AF%D9%84-redmi-note-14-4g-%D8%AF%D9%88-%D8%B3%DB%8C%D9%85-%DA%A9%D8%A7%D8%B1%D8%AA-%D8%B8%D8%B1%D9%81%DB%8C%D8%AA-256-%DA%AF%DB%8C%DA%AF%D8%A7%D8%A8%D8%A7%DB%8C%D8%AA-%D9%88-%D8%B1%D9%85-8-%DA%AF%DB%8C%DA%AF%D8%A7%D8%A8%D8%A7%DB%8C%D8%AA,1
https://www.digikala.com/product/dkp-11719085/%D8%A7%D8%AF%D9%88-%D9%BE%D8%B1%D9%81%DB%8C%D9%88%D9%85-%D8%B2%D9%86%D8%A7%D9%86%D9%87-%D9%85%D8%B3%D8%AA%D8%B1%D9%BE%DB%8C%D8%B3-%D9%85%D8%AF%D9%84-%D8%B2%DB%8C%DA%AF%D9%88%D8%B1%D8%A7%D8%AA-%D8%AD%D8%AC%D9%85-90-%D9%85%DB%8C%D9%84%DB%8C-%D9%84%DB%8C%D8%AA%D8%B1/,2
https://www.digikala.com/product/dkp-6954724/%D8%A7%D8%AF%D9%88-%D9%BE%D8%B1%D9%81%DB%8C%D9%88%D9%85-%D8%B2%D9%86%D8%A7%D9%86%D9%87-%DA%A9%D8%A7%D8%B3%D8%A7%D9%85%D9%88%D8%B1%D8%A7%D8%AA%DB%8C-%D9%85%D8%AF%D9%84-lira-%D8%AD%D8%AC%D9%85-100-%D9%85%DB%8C%D9%84%DB%8C-%D9%84%DB%8C%D8%AA%D8%B1/,2
https://www.digikala.com/product/dkp-63808/%D8%A7%D8%AF%D9%88-%D9%BE%D8%B1%D9%81%DB%8C%D9%88%D9%85-%D8%B2%D9%86%D8%A7%D9%86%D9%87-%D8%A7%D8%B3%D8%AA%DB%8C%D8%AF%D9%88%D9%BE%D9%88%D9%86%D8%AA-%D9%85%D8%AF%D9%84-passenger-%D8%AD%D8%AC%D9%85-100-%D9%85%DB%8C%D9%84%DB%8C-%D9%84%DB%8C%D8%AA%D8%B1/,2
https://www.digikala.com/product/dkp-54786/%D8%A7%D8%AF%D9%88-%D9%BE%D8%B1%D9%81%DB%8C%D9%88%D9%85-%D8%B2%D9%86%D8%A7%D9%86%D9%87-%D9%86%DB%8C%D9%86%D8%A7-%D8%B1%DB%8C%DA%86%DB%8C-%D9%85%D8%AF%D9%84-premier-jour-%D8%AD%D8%AC%D9%85-100-%D9%85%DB%8C%D9%84%DB%8C-%D9%84%DB%8C%D8%AA%D8%B1/,2
https://www.digikala.com/product/dkp-14727500/%D8%A7%D8%AF%D9%88%D9%BE%D8%B1%D9%81%DB%8C%D9%88%D9%85-%D8%B2%D9%86%D8%A7%D9%86%D9%87-%D9%81%D8%B1%D8%A7%DA%AF%D8%B1%D9%86%D8%B3-%D9%BE%D8%B1%D8%B4%DB%8C%D8%A7-116-%D9%85%D8%AF%D9%84-%D8%A8%D8%A7%D9%85%D8%A8%D8%B4%D9%84-%D8%AD%D8%AC%D9%85-100-%D9%85%DB%8C%D9%84%DB%8C%D9%84%DB%8C%D8%AA%D8%B1/,2
https://www.digikala.com/product/dkp-12327600/%D8%A7%D8%AF%D9%88-%D9%BE%D8%B1%D9%81%DB%8C%D9%88%D9%85-%D8%B2%D9%86%D8%A7%D9%86%D9%87-%D9%84%D8%B7%D8%A7%D9%81%D9%87-%D9%85%D8%AF%D9%84-%DB%8C%D8%A7%D8%B1%D8%A7-%D8%AD%D8%AC%D9%85-100-%D9%85%DB%8C%D9%84%DB%8C%D9%84%DB%8C%D8%AA%D8%B1/,2
https://www.digikala.com/product/dkp-141274/%D8%A7%D8%AF%D9%88-%D9%BE%D8%B1%D9%81%DB%8C%D9%88%D9%85-%D8%B2%D9%86%D8%A7%D9%86%D9%87-%D9%BE%D8%B1%D9%81%DB%8C%D9%88%D9%85-%D8%AF%D9%88-%D9%85%D8%A7%D8%B1%D9%84%DB%8C-%D9%85%D8%AF%D9%84-athalia-%D8%AD%D8%AC%D9%85-75-%D9%85%DB%8C%D9%84%DB%8C-%D9%84%DB%8C%D8%AA%D8%B1/,2
https://www.digikala.com/product/dkp-11694537/%D8%A7%D8%AF%D9%88-%D9%BE%D8%B1%D9%81%DB%8C%D9%88%D9%85-%D8%B2%D9%86%D8%A7%D9%86%D9%87-%D8%B1%D9%88%DA%98%D8%A7-%D9%85%D8%AF%D9%84-%D8%A7%D9%84%DA%A9%D8%B3%DB%8C%D8%B1-%D8%AD%D8%AC%D9%85-100-%D9%85%DB%8C%D9%84%DB%8C-%D9%84%DB%8C%D8%AA%D8%B1/,2
https://www.digikala.com/product/dkp-14687201/%D8%A7%D8%AF%D9%88%D9%BE%D8%B1%D9%81%DB%8C%D9%88%D9%85-%D8%B2%D9%86%D8%A7%D9%86%D9%87-%D9%81%D8%B1%D8%A7%DA%AF%D8%B1%D9%86%D8%B3-%D9%BE%D8%B1%D8%B4%DB%8C%D8%A7-116-%D9%85%D8%AF%D9%84-%D8%B4%D9%86%D9%84-%DA%A9%D9%88%DA%A9%D9%88-%D9%85%D8%A7%D8%AF%D9%85%D8%A7%D8%B2%D9%84-%D8%AD%D8%AC%D9%85-100-%D9%85%DB%8C%D9%84%DB%8C%D9%84%DB%8C%D8%AA%D8%B1/,2
https://www.digikala.com/product/dkp-6919256/%D8%A7%D8%AF%D9%88-%D9%BE%D8%B1%D9%81%DB%8C%D9%88%D9%85-%D8%B2%D9%86%D8%A7%D9%86%D9%87-%DA%A9%D8%A7%D8%B3%D8%A7%D9%85%D9%88%D8%B1%D8%A7%D8%AA%DB%8C-%D9%85%D8%AF%D9%84-lira-%D8%AD%D8%AC%D9%85-100-%D9%85%DB%8C%D9%84%DB%8C-%D9%84%DB%8C%D8%AA%D8%B1/,2
https://www.digikala.com/product/dkp-55495/%D8%A7%D8%AF%D9%88-%D8%AA%D9%88%DB%8C%D9%84%D8%AA-%D8%B2%D9%86%D8%A7%D9%86%D9%87-%D8%AE%D8%B3%D9%88%D8%B3-%D8%AF%D9%84-%D9%BE%D9%88%D8%B2%D9%88-%D9%85%D8%AF%D9%84-halloween-%D8%AD%D8%AC%D9%85-100-%D9%85%DB%8C%D9%84%DB%8C-%D9%84%DB%8C%D8%AA%D8%B1/,2
https://www.digikala.com/product/dkp-12346698/%D8%A7%D8%AF%D9%88%D9%BE%D8%B1%D9%81%DB%8C%D9%88%D9%85-%D8%B2%D9%86%D8%A7%D9%86%D9%87-%DA%AF%D8%B1%D8%A7%D9%86-%D8%A8%D8%A7%D9%84%D9%88-%D9%85%D8%AF%D9%84-casamorati-%D8%AD%D8%AC%D9%85-100-%D9%85%DB%8C%D9%84%DB%8C%D9%84%DB%8C%D8%AA%D8%B1/,2
https://www.digikala.com/product/dkp-184971/%D8%A7%D8%AF%D9%88-%D9%BE%D8%B1%D9%81%DB%8C%D9%88%D9%85-%D8%B2%D9%86%D8%A7%D9%86%D9%87-%DA%98%DA%A9-%D8%B3%D8%A7%D9%81-%D9%85%D8%AF%D9%84-sweet-love-%D8%AD%D8%AC%D9%85-100-%D9%85%DB%8C%D9%84%DB%8C-%D9%84%DB%8C%D8%AA%D8%B1/,2
https://www.digikala.com/product/dkp-6954581/%D8%A7%D8%AF%D9%88-%D9%BE%D8%B1%D9%81%DB%8C%D9%88%D9%85-%D8%B2%D9%86%D8%A7%D9%86%D9%87-%DA%A9%D8%A7%D8%B3%D8%A7%D9%85%D9%88%D8%B1%D8%A7%D8%AA%DB%8C-%D9%85%D8%AF%D9%84-la-tosca-%D8%AD%D8%AC%D9%85-100-%D9%85%DB%8C%D9%84%DB%8C-%D9%84%DB%8C%D8%AA%D8%B1/,2
https://www.digikala.com/product/dkp-54978/%D8%A7%D8%AF%D9%88-%D9%BE%D8%B1%D9%81%DB%8C%D9%88%D9%85-%D8%B2%D9%86%D8%A7%D9%86%D9%87-%DA%A9%D8%A7%D8%B1%D9%88%D9%84%DB%8C%D9%86%D8%A7-%D9%87%D8%B1%D8%B1%D8%A7-212-%D8%AD%D8%AC%D9%85-100ml/,2
https://www.digikala.com/product/dkp-6954941/%D8%A7%D8%AF%D9%88-%D9%BE%D8%B1%D9%81%DB%8C%D9%88%D9%85-%D8%B2%D9%86%D8%A7%D9%86%D9%87-%DA%A9%D8%A7%D8%B3%D8%A7%D9%85%D9%88%D8%B1%D8%A7%D8%AA%DB%8C-%D9%85%D8%AF%D9%84-gran-ballo-%D8%AD%D8%AC%D9%85-100-%D9%85%DB%8C%D9%84%DB%8C-%D9%84%DB%8C%D8%AA%D8%B1/,2
https://www.digikala.com/product/dkp-17319151/%D8%A7%D8%AF%D9%88%D9%BE%D8%B1%D9%81%DB%8C%D9%88%D9%85-%D8%B2%D9%86%D8%A7%D9%86%D9%87-%D9%85%D9%88%D9%85%DB%8C%D8%A7-%D9%85%D8%AF%D9%84-%D8%A8%D8%A7%DA%A9%D8%A7%D8%B1%D8%A7%D8%AA-%D8%B1%DA%98-540-%DA%AF%D9%84%D9%87%D8%A7%DB%8C-%D8%B4%D8%B1%D9%82%DB%8C-%D8%A8%D8%A7-%D8%B1%D8%A7%DB%8C%D8%AD%D9%87-%D8%B4%DB%8C%D8%B1%DB%8C%D9%86-%D9%88-%D9%85%D8%B9%D8%AA%D8%AF%D9%84-%D8%AD%D8%AC%D9%85-50-%D9%85%DB%8C%D9%84%DB%8C%D9%84%DB%8C%D8%AA%D8%B1/?ad_variant_id=66670914,2
https://www.digikala.com/product/dkp-17580036/%DA%AF%D9%88%D8%B4%DB%8C-%D9%85%D9%88%D8%A8%D8%A7%DB%8C%D9%84-%D8%B4%DB%8C%D8%A7%D8%A6%D9%88%D9%85%DB%8C-%D9%85%D8%AF%D9%84-redmi-note-14-4g-%D8%AF%D9%88-%D8%B3%DB%8C%D9%85-%DA%A9%D8%A7%D8%B1%D8%AA-%D8%B8%D8%B1%D9%81%DB%8C%D8%AA-256-%DA%AF%DB%8C%DA%AF%D8%A7%D8%A8%D8%A7%DB%8C%D8%AA-%D9%88-%D8%B1%D9%85-8-%DA%AF%DB%8C%DA%AF%D8%A7%D8%A8%D8%A7%DB%8C%D8%AA,2
https://www.digikala.com/product/dkp-4028828/%D8%A7%D8%AF%D9%88-%D9%BE%D8%B1%D9%81%DB%8C%D9%88%D9%85-%D8%B2%D9%86%D8%A7%D9%86%D9%87-%D8%AC%D8%A7%D8%B3%D9%BE%D8%B1-%D9%85%D8%AF%D9%84-euphoria-%D8%AD%D8%AC%D9%85-100-%D9%85%DB%8C%D9%84%DB%8C-%D9%84%DB%8C%D8%AA%D8%B1/,3
https://www.digikala.com/product/dkp-117678/%D8%A7%D8%AF%D9%88-%D9%BE%D8%B1%D9%81%DB%8C%D9%88%D9%85-%D8%B2%D9%86%D8%A7%D9%86%D9%87-%D9%86%D8%A7%D8%B1%D8%B3%DB%8C%D8%B3%D9%88-%D8%B1%D9%88%D8%AF%D8%B1%DB%8C%DA%AF%D8%B2-%D9%85%D8%AF%D9%84-narciso-%D8%AD%D8%AC%D9%85-90-%D9%85%DB%8C%D9%84%DB%8C-%D9%84%DB%8C%D8%AA%D8%B1/,3
https://www.digikala.com/product/dkp-4547091/%D8%A7%D8%AF%D9%88-%D9%BE%D8%B1%D9%81%DB%8C%D9%88%D9%85-%D8%B2%D9%86%D8%A7%D9%86%D9%87-%D9%BE%DB%8C%D8%B1%D8%A7%D8%B3%DB%8C-%D9%85%D8%AF%D9%84-%D9%85%D9%88%D9%86-%D8%A7%D8%B3%D8%AA%D9%88%D9%86-%D8%AD%D8%AC%D9%85-100-%D9%85%DB%8C%D9%84%DB%8C-%D9%84%DB%8C%D8%AA%D8%B1/,3
https://www.digikala.com/product/dkp-12347648/%D8%A7%D8%AF%D9%88%D9%BE%D8%B1%D9%81%DB%8C%D9%88%D9%85-%D8%B2%D9%86%D8%A7%D9%86%D9%87-%D9%84%DB%8C%D8%B1%D8%A7-%D9%85%D8%AF%D9%84-casamorati-%D8%AD%D8%AC%D9%85-100-%D9%85%DB%8C%D9%84%DB%8C%D9%84%DB%8C%D8%AA%D8%B1/,3
https://www.digikala.com/product/dkp-196614/%D8%A7%D8%AF%D9%88-%D9%BE%D8%B1%D9%81%DB%8C%D9%88%D9%85-%D8%B2%D9%86%D8%A7%D9%86%D9%87-%DA%A9%D8%A7%D8%B1%D9%88%D9%84%DB%8C%D9%86%D8%A7-%D9%87%D8%B1%D8%B1%D8%A7-%D9%85%D8%AF%D9%84-good-girl-%D8%AD%D8%AC%D9%85-80-%D9%85%DB%8C%D9%84%DB%8C-%D9%84%DB%8C%D8%AA%D8%B1/,3
https://www.digikala.com/product/dkp-133517/%D8%A7%D8%AF%D9%88-%D9%BE%D8%B1%D9%81%DB%8C%D9%88%D9%85-%D8%B2%D9%86%D8%A7%D9%86%D9%87-%D8%B3%D8%A7%D9%84%D9%88%D8%A7%D8%AA%D9%88%D8%B1%D9%87-%D9%81%D8%B1%D8%A7%DA%AF%D8%A7%D9%85%D9%88-%D9%85%D8%AF%D9%84-signorina-%D8%AD%D8%AC%D9%85-100-%D9%85%DB%8C%D9%84%DB%8C-%D9%84%DB%8C%D8%AA%D8%B1/,3
https://www.digikala.com/product/dkp-12178889/%D8%A7%D8%AF%D9%88-%D9%BE%D8%B1%D9%81%DB%8C%D9%88%D9%85-%D8%B1%D9%88%D8%AF%DB%8C%D8%B1-%D9%BE%D9%84%D8%A7%D8%B3-%D9%85%D8%AF%D9%84-%D8%B3%D8%A7%D9%88%D8%A7%D9%86%D8%A7-%D8%AD%D8%AC%D9%85-100-%D9%85%DB%8C%D9%84%DB%8C-%D9%84%DB%8C%D8%AA%D8%B1/,3
https://www.digikala.com/product/dkp-132714/%D8%A7%D8%AF%D9%88-%D9%BE%D8%B1%D9%81%DB%8C%D9%88%D9%85-%D8%B2%D9%86%D8%A7%D9%86%D9%87-%DA%98%DA%A9-%D8%B3%D8%A7%D9%81-%D9%85%D8%AF%D9%84-night-wish-%D8%AD%D8%AC%D9%85-100-%D9%85%DB%8C%D9%84%DB%8C-%D9%84%DB%8C%D8%AA%D8%B1/,3
https://www.digikala.com/product/dkp-1448570/%D8%A7%D8%AF%D9%88-%D9%BE%D8%B1%D9%81%DB%8C%D9%88%D9%85-%D8%B2%D9%86%D8%A7%D9%86%D9%87-%D8%B3%D9%85%D9%88%D8%A7-%D9%85%D8%AF%D9%84-eaufum-%D8%AD%D8%AC%D9%85-100-%D9%85%DB%8C%D9%84%DB%8C-%D9%84%DB%8C%D8%AA%D8%B1/,3
https://www.digikala.com/product/dkp-1415969/%D8%A7%D8%AF%D9%88-%D9%BE%D8%B1%D9%81%DB%8C%D9%88%D9%85-%D9%BE%D8%B1%D9%81%DB%8C%D9%88%D9%85-%D8%AF%D9%88-%D9%85%D8%A7%D8%B1%D9%84%DB%8C-%D9%85%D8%AF%D9%84-delina-exclusif-%D8%AD%D8%AC%D9%85-75-%D9%85%DB%8C%D9%84%DB%8C-%D9%84%DB%8C%D8%AA%D8%B1/,3
https://www.digikala.com/product/dkp-11187874/%D8%A7%D8%AF%D9%88%D9%BE%D8%B1%D9%81%D9%8A%D9%88%D9%85-%D8%B2%D9%86%D8%A7%D9%86%D9%87-%D8%A7%D8%AC%D9%85%D9%84-%D9%85%D8%AF%D9%84-%D8%B3%D8%A7%D9%83%D8%B1%D9%8A%D9%81%D8%A7%D9%8A%D8%B3-%D8%AD%D8%AC%D9%85-50-%D9%85%D9%8A%D9%84%D9%8A-%D9%84%D9%8A%D8%AA%D8%B1/,3
https://www.digikala.com/product/dkp-4546434/%D8%A7%D8%AF%D9%88-%D9%BE%D8%B1%D9%81%DB%8C%D9%88%D9%85-%D8%B2%D9%86%D8%A7%D9%86%D9%87-%D8%AF%DB%8C%D9%88%D8%A7%D9%86-%D9%85%D8%AF%D9%84-lamour-%D8%AD%D8%AC%D9%85-100-%D9%85%DB%8C%D9%84%DB%8C-%D9%84%DB%8C%D8%AA%D8%B1/,3
https://www.digikala.com/product/dkp-4935892/%D8%A7%D8%AF%D9%88-%D9%BE%D8%B1%D9%81%DB%8C%D9%88%D9%85-%D8%B2%D9%86%D8%A7%D9%86%D9%87-%D8%B1%D9%88%D9%88%D9%86%D8%A7-%D9%85%D8%AF%D9%84-%D9%84%D8%A7%D9%85%D9%88%D8%B1-%D8%AD%D8%AC%D9%85-100-%D9%85%DB%8C%D9%84%DB%8C-%D9%84%DB%8C%D8%AA%D8%B1/,3
https://www.digikala.com/product/dkp-17319151/%D8%A7%D8%AF%D9%88%D9%BE%D8%B1%D9%81%DB%8C%D9%88%D9%85-%D8%B2%D9%86%D8%A7%D9%86%D9%87-%D9%85%D9%88%D9%85%DB%8C%D8%A7-%D9%85%D8%AF%D9%84-%D8%A8%D8%A7%DA%A9%D8%A7%D8%B1%D8%A7%D8%AA-%D8%B1%DA%98-540-%DA%AF%D9%84%D9%87%D8%A7%DB%8C-%D8%B4%D8%B1%D9%82%DB%8C-%D8%A8%D8%A7-%D8%B1%D8%A7%DB%8C%D8%AD%D9%87-%D8%B4%DB%8C%D8%B1%DB%8C%D9%86-%D9%88-%D9%85%D8%B9%D8%AA%D8%AF%D9%84-%D8%AD%D8%AC%D9%85-50-%D9%85%DB%8C%D9%84%DB%8C%D9%84%DB%8C%D8%AA%D8%B1/?ad_variant_id=66670914,3
https://www.digikala.com/product/dkp-17580036/%DA%AF%D9%88%D8%B4%DB%8C-%D9%85%D9%88%D8%A8%D8%A7%DB%8C%D9%84-%D8%B4%DB%8C%D8%A7%D8%A6%D9%88%D9%85%DB%8C-%D9%85%D8%AF%D9%84-redmi-note-14-4g-%D8%AF%D9%88-%D8%B3%DB%8C%D9%85-%DA%A9%D8%A7%D8%B1%D8%AA-%D8%B8%D8%B1%D9%81%DB%8C%D8%AA-256-%DA%AF%DB%8C%DA%AF%D8%A7%D8%A8%D8%A7%DB%8C%D8%AA-%D9%88-%D8%B1%D9%85-8-%DA%AF%DB%8C%DA%AF%D8%A7%D8%A8%D8%A7%DB%8C%D8%AA,3
